update,env_steps,reward_mean,pg_loss,v_loss,seed
0,32768,-1.0293,-0.000597612,79.0909,0
10,360448,-1.09263,0.069689,18.7904,0
20,688128,-1.50005,0.0449939,61.5604,0
30,1015808,-2.17716,-0.000747928,244.646,0
40,1343488,-2.61654,-0.00576201,420.622,0
50,1671168,-7.56963,0.0159861,3344.52,0
60,1998848,-4.8184,0.00370049,752.935,0
70,2326528,-9.08637,-0.00194912,2246.52,0
80,2654208,-17.2422,-9.28767e-05,12464.6,0
90,2981888,-11.7391,0.000525366,4939.81,0
100,3309568,-28.9812,0.00133711,27923.5,0
110,3637248,-12.0249,0.00571496,8180.68,0
120,3964928,-22.8124,0.019677,44324.8,0
130,4292608,-20.6332,0.025058,32160.5,0
140,4620288,-22.3038,0.0401057,49847.2,0
150,4947968,-1.04129,0.000996142,6183.23,0
160,5275648,-1.14314,-0.00638425,4524.07,0
170,5603328,-2.03554,0.00348743,8718.65,0
180,5931008,-2.82818,0.000328048,8207.51,0
190,6258688,-2.96857,-0.000299411,5427.16,0
200,6586368,-10.9819,0.0343973,8205.68,0
210,6914048,-27.6406,0.030808,12492,0
220,7241728,-79.6342,0.129355,34890.8,0
230,7569408,-18.8674,0.0941209,15690.8,0
240,7897088,-19.5748,0.0815733,6383.89,0
250,8224768,-51.3884,0.174664,116999,0
260,8552448,-28.9197,0.0442786,19590.1,0
270,8880128,-32.4029,0.0701287,54867.5,0
280,9207808,-34.8512,0.0592865,42576.6,0
290,9535488,-39.1657,0.09446,126572,0
300,9863168,-1.13824,0.0367532,21519.6,0
310,10190848,-1.71791,0.0645089,16805.6,0
320,10518528,-2.00377,0.0442359,13602,0
330,10846208,-3.45707,0.108063,15541.2,0
340,11173888,-7.70486,0.0973248,12619.3,0
350,11501568,-60.7381,0.315874,12502.4,0
360,11829248,-148.131,0.271073,126656,0
370,12156928,-955.238,0.00129078,7.69524e+07,0
380,12484608,-351.836,0.307088,3.60739e+06,0
390,12812288,-596.398,0.378225,1.62452e+07,0
400,13139968,-780.657,0.00419514,4.9035e+07,0
410,13467648,-1910.81,0.00120605,3.71556e+08,0
420,13795328,-12988.2,0.201174,1.91193e+10,0
430,14123008,-17186,0.00734946,3.34746e+10,0
440,14450688,-14287.1,0.0415854,2.36346e+10,0
450,14778368,-1.34557,0.360492,98312.8,0
460,15106048,-2.94687,0.455958,121481,0
470,15433728,-7.54337,0.310671,48162.1,0
480,15761408,-8.18697,0.349865,196625,0
490,16089088,-38.9421,0.428531,56726.1,0
500,16416768,-60.0103,0.260171,190215,0
510,16744448,-132.542,0.345458,209741,0
520,17072128,-219.201,0.430562,74986.6,0
530,17399808,-382.598,0.316792,950213,0
540,17727488,-3765.26,0.00127009,1.41436e+09,0
550,18055168,-2389.28,0.00252948,4.65865e+08,0
560,18382848,-122.25,0.301799,1.10611e+06,0
570,18710528,-1498.32,0.00926957,1.49109e+08,0
580,19038208,-1959.03,0.00375968,2.86742e+08,0
590,19365888,-2705.63,0.173346,1.58791e+08,0
600,19693568,-1.67051,0.297138,86120,0
610,20021248,-8.05164,0.312657,504063,0
620,20348928,-35.0264,0.330296,125221,0
630,20676608,-110.201,0.313238,176413,0
640,21004288,-270.244,0.332765,266376,0
650,21331968,-563.132,0.337995,1.52367e+06,0
660,21659648,-1055.4,0.346493,3.67148e+07,0
670,21987328,-224.876,0.30946,2.17251e+06,0
680,22315008,-665.513,0.320117,1.28209e+06,0
690,22642688,-70.781,0.324917,1.96868e+06,0
700,22970368,-770.046,0.29983,1.02829e+07,0
710,23298048,-74.4702,0.336305,2.38757e+06,0
720,23625728,-62.8304,0.355963,204162,0
730,23953408,-2022.54,0.286326,1.92901e+08,0
740,24281088,-2402.73,0.306739,1.03511e+08,0
750,24608768,-1.3398,0.287651,285546,0
760,24936448,-2.79618,0.378132,170048,0
770,25264128,-7.52368,0.282195,264082,0
780,25591808,-46.8149,0.299586,1.49173e+06,0
790,25919488,-212.434,0.345501,966964,0
800,26247168,-451.452,0.382762,428528,0
810,26574848,-544.639,0.413148,417832,0
820,26902528,-1212.35,0.0171903,3.81073e+07,0
830,27230208,-2928.04,0.0249954,6.01992e+08,0
840,27557888,-4482.43,0.0397646,1.69144e+09,0
850,27885568,-779.269,0.222521,912085,0
860,28213248,-1097.1,0.086195,1.58839e+07,0
870,28540928,-1504.82,0.315583,6.67735e+07,0
880,28868608,-2017.09,0.0050158,1.84747e+08,0
890,29196288,-2407.82,0.0827191,3.12864e+08,0
900,29523968,-1.3418,0.42866,57144.4,0
910,29851648,-2.93536,0.265337,89038,0
920,30179328,-19.9774,0.264225,302647,0
930,30507008,-52.5026,0.275469,498622,0
940,30834688,-269.642,0.291021,574124,0
950,31162368,-563.363,0.370702,193789,0
960,31490048,-1055.3,0.357023,1.02375e+07,0
970,31817728,-1817.71,0.0176711,1.23943e+08,0
980,32145408,-2927.47,0.0115031,5.26916e+08,0
990,32473088,-4482.12,0.00886052,1.56758e+09,0
1000,32800768,-6596.22,0.00253274,3.87257e+09,0
1010,33128448,-9381.56,0.0101106,8.46531e+09,0
1020,33456128,-12979.3,0.00798258,1.70178e+10,0
1030,33783808,-17523,0.00506559,3.20232e+10,0
1040,34111488,-20932.7,0.00519026,3.7798e+10,0
1050,34439168,-1.66282,0.592851,37871.3,0
1060,34766848,-8.32283,0.361994,48004.7,0
1070,35094528,-35.6756,0.328733,109684,0
1080,35422208,-109.672,0.302339,173358,0
1090,35749888,-270.047,0.333634,238383,0
1100,36077568,-564.778,0.36045,425327,0
1110,36405248,-1056.44,0.422045,2.64172e+06,0
1120,36732928,-1813.58,0.0375153,8.0401e+07,0
1130,37060608,-2926.94,0.067949,4.33779e+08,0
1140,37388288,-4212.76,0.00397988,1.19589e+09,0
1150,37715968,-4611.8,0.00628508,1.49033e+09,0
1160,38043648,-3697.73,0.00118825,7.85746e+08,0
1170,38371328,-1546.87,0.0115833,2.47281e+07,0
1180,38699008,-1970.13,0.0317215,8.93756e+07,0
1190,39026688,-1179.62,0.404473,1.83971e+09,0
1200,39354368,-1.26954,0.324246,997688,0
1210,39682048,-5.88262,0.542079,500799,0
1220,40009728,-7.6397,0.326381,1.18444e+06,0
1230,40337408,-18.7478,0.250283,249632,0
1240,40665088,-39.3089,0.237934,246640,0
1250,40992768,-76.2449,0.397707,200657,0
1260,41320448,-135.078,0.294419,212969,0
1270,41648128,-225.074,0.337697,335998,0
1280,41975808,-261.123,0.345208,3.02568e+06,0
1290,42303488,-518.702,0.298581,3.47363e+06,0
1300,42631168,-754.538,-0.00942409,6.198e+06,0
1310,42958848,-1063.76,0.271016,1.83023e+07,0
1320,43286528,-1459.71,0.00358078,7.51229e+07,0
1330,43614208,-1907.92,0.00374652,1.81048e+08,0
1340,43941888,-2036.01,0.0794513,2.65273e+08,0
1350,44269568,-1.24426,0.504947,365095,0
1360,44597248,-2.2621,0.368789,216052,0
1370,44924928,-7.86091,0.314882,1.22903e+06,0
1380,45252608,-18.6255,0.39325,314349,0
1390,45580288,-39.591,0.249088,198267,0
1400,45907968,-75.7323,0.397279,261298,0
1410,46235648,-134.791,0.370583,236902,0
1420,46563328,-224.983,0.294894,335263,0
1430,46891008,-354.41,0.384916,457408,0
1440,47218688,-535.71,0.427695,468246,0
1450,47546368,-781.807,0.353624,353043,0
1460,47874048,-1095.28,0.277138,761734,0
1470,48201728,-1508.16,0.0034454,1.96785e+07,0
1480,48529408,-2020.66,0.000280832,9.67563e+07,0
1490,48857088,-2402.66,0.0453412,1.35887e+09,0
1500,49184768,-1.34115,0.299533,61661,0
1510,49512448,-2.92857,0.197,58163.9,0
1520,49840128,-7.67498,0.0109803,55676.8,0
1524,49971200,-420.249,0.103533,342926,0
