n,M,seed,n_params,cost_test,cost_train,gap,err_xp_T,err_zp_T,err_zv_T,err_f_T,err_g_T,final_dist,pol_loss,loss_est_x,loss_est_z,loss_est_f,loss_est_g
8,50,0,8917,3.45286e+06,3.18122e+06,271639,0.0977721,184.747,0.969178,0.533664,0.386261,196.029,inf,0.337437,0.305538,0.698985,0.560032
8,50,1,8917,530867,473970,56897.2,0.100724,63.8045,0.886498,0.547032,0.365302,74.6053,inf,0.315113,0.298995,0.684335,0.520189
8,50,2,8917,1729.95,1667.28,62.666,0.0612097,0.544817,0.226637,0.430319,0.287751,0.474552,6.05972,0.324845,0.356655,0.666881,0.549353
8,100,0,8917,1.0533e+06,996668,56637.2,0.115923,86.565,0.686353,0.47348,0.318928,103.903,inf,0.366701,0.378116,0.78756,0.661329
8,100,1,8917,1650.32,1687.24,-36.918,0.0696645,0.481845,0.199859,0.403058,0.268926,0.385078,5.78535,0.378187,0.348078,0.770362,0.666399
8,100,2,8917,1670.16,1679.48,-9.3219,0.0617426,0.550786,0.191546,0.403004,0.262557,0.416241,5.39813,0.365215,0.352461,0.783333,0.709942
8,200,0,8917,809463,847390,-37927.5,0.0884888,71.0721,0.676884,0.448715,0.322568,92.3492,inf,0.367902,0.391158,0.885056,0.823285
8,200,1,8917,367160,361020,6139.97,0.0841126,34.6356,0.506533,0.479142,0.290743,54.1748,inf,0.370415,0.436396,0.890668,0.816679
8,200,2,8917,1668.73,1748.63,-79.9031,0.0626899,0.552565,0.199209,0.402014,0.262351,0.43394,5.77773,0.364292,0.385224,0.894537,0.817951
8,400,0,8917,1.42452e+06,1.21277e+06,211755,0.116234,97.1445,0.73579,0.436813,0.295605,114.705,inf,0.374728,0.403782,0.942324,0.919523
8,400,1,8917,842532,833718,8814,0.114249,73.1738,0.694303,0.429239,0.279016,90.7613,inf,0.377461,0.400211,0.952803,0.929432
8,400,2,8917,483665,443647,40017.2,0.106667,46.5344,0.630598,0.438353,0.304329,65.8202,inf,0.370678,0.406166,0.940104,0.915871
8,800,0,8917,1.4799e+06,1.45581e+06,24089.8,0.116246,94.2398,0.730496,0.408039,0.276771,115.466,inf,0.381362,0.425664,0.977682,0.95625
8,800,1,8917,507557,479782,27775.7,0.0863681,50.1971,0.617591,0.421798,0.27686,71.5324,inf,0.38166,0.431611,0.968124,0.963146
8,800,2,8917,3.24484e+06,3.06839e+06,176455,0.0971768,172.284,0.808059,0.411168,0.285575,187.538,inf,0.384083,0.438233,0.980462,0.955059
8,1600,0,8917,1.64543e+06,1.52722e+06,118204,0.137738,121.466,0.731853,0.404208,0.260029,139.583,inf,0.383478,0.425162,0.989747,0.977345
8,1600,1,8917,336905,321874,15030.7,0.107283,32.9534,0.540276,0.415474,0.272476,52.5583,inf,0.38263,0.435126,0.98729,0.979159
8,1600,2,8917,1645.14,1671.57,-26.4303,0.0670007,0.403704,0.211003,0.398022,0.264771,0.393875,5.71089,0.387024,0.420939,0.99082,0.986151
16,50,0,11157,166082,159677,6404.62,0.0607085,24.0844,0.582831,0.558716,0.422504,37.8533,inf,0.0267513,0.242201,0.505579,0.339218
16,50,1,11157,3.74784e+06,3.65188e+06,95955.5,0.120014,198.545,1.10334,0.578933,0.390882,215.167,inf,0.028661,0.211473,0.506235,0.378351
16,50,2,11157,1658.6,1621.16,37.4403,0.0253188,0.683651,0.21,0.454151,0.299017,0.360147,5.7124,0.0287682,0.232546,0.502548,0.407346
16,100,0,11157,400817,375312,25504.3,0.0588303,39.6273,0.674023,0.56726,0.368465,59.8581,inf,0.0302559,0.300331,0.678216,0.594964
16,100,1,11157,1617.76,1543.13,74.6277,0.0247821,0.449691,0.176761,0.414422,0.287705,0.314443,5.34628,0.0302666,0.283282,0.738834,0.60507
16,100,2,11157,390986,409714,-18727.7,0.0754064,45.6228,0.587,0.545443,0.333252,59.0941,inf,0.0305711,0.28669,0.686817,0.586659
16,200,0,11157,1626.28,1656.82,-30.5397,0.0248923,0.44831,0.173563,0.398251,0.262034,0.340171,5.31056,0.0319156,0.341094,0.829798,0.78567
16,200,1,11157,898247,1.05654e+06,-158292,0.0706622,75.0201,0.752398,0.504708,0.324761,96.8977,inf,0.0297782,0.335801,0.818626,0.718402
16,200,2,11157,1611.56,1565.82,45.7411,0.0249883,0.419318,0.177621,0.408404,0.262274,0.325579,5.45653,0.0303534,0.338982,0.833326,0.763818
16,400,0,11157,1.27933e+06,1.44187e+06,-162541,0.0853727,96.244,0.77935,0.47171,0.29788,119.921,inf,0.0310716,0.359842,0.88835,0.822937
16,400,1,11157,533520,513944,19576.3,0.0770944,42.2712,0.613791,0.527156,0.292327,62.3804,inf,0.0314744,0.361529,0.890169,0.838377
16,400,2,11157,641306,601691,39615.8,0.0679094,59.1791,0.664795,0.434436,0.307176,77.433,inf,0.0315226,0.364461,0.904807,0.840028
16,800,0,11157,893330,927806,-34476.4,0.0833969,70.2268,0.66093,0.423081,0.282638,91.4847,inf,0.0318313,0.381153,0.946147,0.921646
16,800,1,11157,1618.12,1659.15,-41.0336,0.0246973,0.398971,0.177003,0.397278,0.264923,0.333848,5.84341,0.030667,0.375491,0.942212,0.918751
16,800,2,11157,1613.94,1661.03,-47.0823,0.0247646,0.399931,0.177117,0.401556,0.267031,0.349346,5.60412,0.031628,0.36751,0.951481,0.921088
32,50,0,15637,1676.99,1701.51,-24.5193,0.0250549,0.434771,0.178278,0.421352,0.335761,0.343952,5.70556,0.0240475,0.146613,0.363733,0.219095
32,50,1,15637,1652.11,1874.23,-222.119,0.0247499,0.477712,0.185939,0.478901,0.297701,0.347995,5.57255,0.0263184,0.128014,0.338201,0.171136
32,50,2,15637,360005,335201,24804,0.0705532,40.6657,0.686708,0.569308,0.469949,56.0018,inf,0.0242277,0.142642,0.347589,0.178711
16,1600,0,11157,1611.65,1634.99,-23.3395,0.0246642,0.40654,0.179325,0.397316,0.265873,0.335904,5.40703,0.0315445,0.387847,0.97016,0.952029
16,1600,1,11157,245957,232602,13354.6,0.0577413,24.966,0.457053,0.414289,0.275775,44.9926,inf,0.0313207,0.392861,0.969786,0.955475
16,1600,2,11157,689896,683573,6322.56,0.0513485,60.6347,0.644541,0.413216,0.297113,84.8836,inf,0.031262,0.382673,0.980157,0.963666
32,200,0,15637,1616.02,1629,-12.9751,0.0249535,0.375873,0.170158,0.402054,0.26643,0.309366,5.61153,0.0272286,0.271391,0.734386,0.599659
32,200,1,15637,1623.93,1643.42,-19.496,0.0247764,0.406522,0.172706,0.412068,0.2668,0.303316,5.51462,0.0272241,0.273307,0.715709,0.629719
32,200,2,15637,1.74853e+06,1.67121e+06,77318.1,0.0708629,109.874,0.852791,0.503493,0.341535,135.711,inf,0.0264532,0.265347,0.733837,0.607862
32,100,0,15637,187645,218911,-31266.1,0.0700511,28.252,0.587544,0.513891,0.3969,41.9054,inf,0.0263019,0.210979,0.542926,0.402202
32,100,1,15637,2.33424e+06,2.56031e+06,-226070,0.085024,142.841,1.028,0.545068,0.3686,162.686,inf,0.0266846,0.22457,0.600193,0.463184
32,100,2,15637,631376,606394,24982.2,0.069296,57.9421,0.624817,0.564322,0.441413,79.9137,inf,0.0261091,0.226196,0.517231,0.392196
32,800,0,15637,1609.58,1663.54,-53.9657,0.0249246,0.368029,0.173595,0.399083,0.267307,0.314228,5.42357,0.0267796,0.326669,0.904628,0.84982
32,800,1,15637,585893,583103,2789.62,0.0510919,50.9,0.572465,0.449406,0.295921,75.6391,inf,0.0269986,0.33626,0.903019,0.856021
32,800,2,15637,1.52037e+06,1.55277e+06,-32396.2,0.0733931,102.859,0.741197,0.432394,0.292048,125.762,inf,0.0266438,0.350929,0.907274,0.863373
32,400,0,15637,1.74981e+06,1.70641e+06,43392.2,0.0692573,110.402,0.913401,0.483284,0.3329,134.77,inf,0.0261916,0.319025,0.832471,0.762076
32,400,1,15637,831779,801569,30209.6,0.0634101,64.1025,0.594065,0.488733,0.334348,87.052,inf,0.0270771,0.321936,0.8128,0.739727
32,400,2,15637,1612.19,1670.86,-58.668,0.0246395,0.356921,0.164636,0.41175,0.269992,0.317453,5.49782,0.0268144,0.331205,0.831303,0.750491
64,50,0,24597,777111,815217,-38105.6,0.0981383,79.4026,0.628714,0.648784,0.451214,91.9425,inf,0.022482,0.0769917,0.188704,0.0701405
64,50,1,24597,1655.01,1592.44,62.5715,0.0249971,0.536752,0.202253,0.447965,0.274298,0.363677,5.51806,0.0220612,0.0763532,0.176491,0.0606737
64,50,2,24597,1.546e+06,1.86613e+06,-320131,0.0984448,104.915,0.564399,0.581604,0.436567,122.111,inf,0.0222884,0.0705756,0.162854,0.0690756
64,200,0,24597,805246,816698,-11452.8,0.068731,68.1549,0.712527,0.540919,0.324948,89.9871,inf,0.0250612,0.211839,0.596337,0.490019
64,200,1,24597,1626.76,1720.14,-93.3728,0.0248122,0.388451,0.161613,0.414285,0.289666,0.343074,5.66084,0.0245203,0.207732,0.59097,0.469264
64,200,2,24597,1.4508e+06,1.44728e+06,3512,0.0747368,99.4902,0.742239,0.514749,0.335958,120.43,inf,0.0255014,0.22199,0.608465,0.477991
32,1600,0,15637,117557,114284,3272.38,0.0552338,12.5279,0.434646,0.43256,0.278615,30.5495,inf,0.0270259,0.359218,0.96014,0.922192
32,1600,1,15637,1609.48,1654.98,-45.4938,0.0246304,0.363067,0.170517,0.397311,0.263092,0.32296,5.45037,0.0274769,0.352232,0.953167,0.910726
32,1600,2,15637,1607.38,1645.77,-38.3923,0.0246015,0.358092,0.169257,0.397774,0.260921,0.312565,5.39018,0.02756,0.349032,0.943833,0.929146
64,100,0,24597,861332,916747,-55415.1,0.0630218,72.8121,0.632865,0.516044,0.381104,90.1776,inf,0.024579,0.150827,0.41679,0.266467
64,100,1,24597,156226,151761,4464.64,0.0561655,18.4985,0.541063,0.569443,0.434297,37.4806,inf,0.024488,0.133509,0.376803,0.230814
64,100,2,24597,1628.57,1679.69,-51.1213,0.0249215,0.443961,0.177512,0.439634,0.265627,0.356817,5.52188,0.0245947,0.148021,0.408051,0.22671
64,800,0,24597,365345,327993,37352.7,0.0397341,31.2368,0.512359,0.444019,0.304798,56.4475,inf,0.0260419,0.306597,0.84171,0.784057
64,800,1,24597,434930,463002,-28072.1,0.0493687,38.3717,0.524087,0.447222,0.326775,61.292,inf,0.0255535,0.308729,0.852867,0.779691
64,800,2,24597,1604.79,1636.66,-31.8734,0.0246379,0.315333,0.165071,0.400668,0.265106,0.29753,5.23733,0.0257396,0.307036,0.848772,0.803434
64,400,0,24597,788132,807723,-19590.2,0.0506963,60.6319,0.599404,0.506637,0.332612,89.0373,inf,0.0261542,0.263463,0.750602,0.631866
64,400,1,24597,1605.17,1623.13,-17.9606,0.0245303,0.333103,0.166605,0.402962,0.263925,0.306862,5.35481,0.0253421,0.268565,0.736585,0.677429
64,400,2,24597,939936,997858,-57922.1,0.0612735,71.8447,0.629144,0.537062,0.333499,95.9376,inf,0.0259932,0.256659,0.753932,0.651293
128,50,0,42517,1638.4,1642.75,-4.35486,0.0257405,0.421706,0.237064,0.502846,0.328261,0.364471,5.3815,0.0158064,0.0312844,0.0716921,0.0172864
128,50,1,42517,1666.69,1738.37,-71.6791,0.0260187,0.463889,0.221394,0.490218,0.287364,0.392439,6.00023,0.0158443,0.0297861,0.0538078,0.0100825
128,50,2,42517,661244,698856,-37611.3,0.0929488,73.4843,0.709704,0.647202,0.534393,87.3366,inf,0.0170701,0.030557,0.0711234,0.0142435
128,200,0,42517,845241,767257,77983.7,0.0583641,58.8521,0.647123,0.580283,0.388736,86.0206,inf,0.0242456,0.17206,0.448831,0.334869
128,200,1,42517,1.32661e+06,1.38447e+06,-57851.8,0.0683767,90.2839,0.670453,0.590936,0.361651,116.133,inf,0.0247919,0.161614,0.487249,0.33498
128,200,2,42517,1607.49,1586.49,20.9994,0.0246885,0.316729,0.17416,0.423106,0.277302,0.321103,5.473,0.0232016,0.164763,0.471009,0.356688
64,1600,0,24597,184808,205388,-20579.7,0.0516976,19.5978,0.448559,0.4522,0.302448,40.7621,inf,0.0259628,0.324818,0.911136,0.891914
64,1600,1,24597,358218,352048,6169.81,0.0470799,32.0194,0.471678,0.460897,0.281504,56.4503,inf,0.0254881,0.337867,0.915872,0.865319
64,1600,2,24597,1601.92,1652.17,-50.2594,0.0245827,0.333967,0.161757,0.399088,0.260387,0.299906,5.60452,0.0264028,0.329262,0.913298,0.874357
128,800,0,42517,328505,300613,27892.1,0.0530468,27.0561,0.480182,0.480708,0.356095,51.172,inf,0.0253743,0.272852,0.777383,0.682906
128,800,1,42517,1593.77,1624.42,-30.6503,0.0245812,0.310596,0.16827,0.397595,0.268796,0.281722,5.71274,0.0249232,0.26618,0.764038,0.696213
128,800,2,42517,486820,496150,-9329.88,0.0406677,33.929,0.501616,0.483003,0.316867,63.4302,inf,0.0253168,0.276646,0.766862,0.695044
128,100,0,42517,2.14353e+06,2.26858e+06,-125050,0.0835572,121.854,0.701247,0.619238,0.444282,144.545,inf,0.0212546,0.0860552,0.235811,0.117296
128,100,1,42517,680509,651210,29299.3,0.0764355,55.1662,0.670892,0.632216,0.459822,70.7204,inf,0.0219583,0.0876074,0.225474,0.116583
128,100,2,42517,1635.44,1639.09,-3.6571,0.0250039,0.390753,0.209647,0.473146,0.299815,0.35266,5.42433,0.0215062,0.0916215,0.241123,0.109533
256,50,0,78357,917972,986056,-68083.8,0.116557,89.9896,0.575614,0.874659,0.360337,101.833,inf,0.00997349,0.00684404,0.0112745,0.00152874
256,50,1,78357,1.92056e+06,2.29679e+06,-376230,0.102094,124.182,0.596429,0.61118,0.432472,144.804,inf,0.0100004,0.00956903,0.012229,0.00196986
256,50,2,78357,344790,418481,-73690.9,0.0963657,45.2691,0.576074,0.812617,0.440518,57.7695,inf,0.00947458,0.00944756,0.0135322,0.00179373
128,400,0,42517,846311,860014,-13703.7,0.0569053,61.0491,0.619386,0.51809,0.331055,90.4264,inf,0.0250481,0.21039,0.638644,0.543409
128,400,1,42517,357921,360268,-2347.44,0.0566101,34.3924,0.534392,0.526132,0.443691,56.8105,inf,0.0254556,0.210097,0.619741,0.531096
128,400,2,42517,1605.28,1582.1,23.1779,0.0245625,0.348361,0.168059,0.402103,0.259636,0.3156,5.57686,0.0242207,0.22008,0.667833,0.532881
256,200,0,78357,1.1884e+06,1.29307e+06,-104672,0.0678914,80.3637,0.633715,0.633636,0.452982,108.763,inf,0.0220895,0.107962,0.296336,0.181517
256,200,1,78357,1.3418e+06,1.22603e+06,115770,0.0703469,94.9516,0.641691,0.570538,0.399471,124.651,inf,0.0218894,0.0992368,0.298814,0.160525
256,200,2,78357,1603.91,1710.43,-106.523,0.0253283,0.338261,0.195994,0.435794,0.287594,0.329786,5.44314,0.0232292,0.101565,0.301891,0.161524
128,1600,0,42517,NA,NA,NA,NA,NA,NA,NA,NA,NA,inf,NA,NA,NA,NA
128,1600,1,42517,380566,428604,-48038.6,0.048445,34.0381,0.491484,0.470797,0.32422,64.6904,inf,0.0249787,0.312727,0.861958,0.809466
128,1600,2,42517,378019,422318,-44299.7,0.0453121,28.1149,0.441881,0.444741,0.313227,52.3545,inf,0.0247776,0.285284,0.870068,0.817166
256,800,0,78357,1587.59,1625.61,-38.0286,0.0246761,0.264357,0.165991,0.392955,0.269884,0.275871,5.53864,0.0242618,0.235941,0.665764,0.573891
256,800,1,78357,3.40115e+06,3.4055e+06,-4349,0.0746623,174.723,0.949106,0.520382,0.375896,202.112,inf,0.0249432,0.230498,0.666189,0.578229
256,800,2,78357,330900,357643,-26743.1,0.0469844,28.3736,0.473577,0.516987,0.363451,55.2477,inf,0.0245045,0.228026,0.670915,0.586892
256,100,0,78357,1610.2,1672.25,-62.0459,0.0260975,0.347133,0.201313,0.452468,0.28391,0.337992,5.33369,0.0162273,0.0406969,0.102355,0.0317866
256,100,1,78357,641740,639682,2057.44,0.0756204,52.1237,0.635886,0.772989,0.445738,75.2899,inf,0.0176446,0.039352,0.0900402,0.0283938
256,100,2,78357,440963,404647,36316.2,0.0773117,44.4798,0.643263,0.813255,0.388049,64.7939,inf,0.0185656,0.0416083,0.112886,0.0345444
256,400,0,78357,346838,356415,-9576.5,0.0501954,29.3524,0.478515,0.498071,0.387785,54.301,inf,0.0245527,0.164695,0.523769,0.380815
256,400,1,78357,1590.68,1634.05,-43.3734,0.0246418,0.283213,0.166839,0.400108,0.265913,0.290954,5.37935,0.0244156,0.165446,0.500541,0.375124
256,400,2,78357,1.18981e+06,1.00394e+06,185874,0.0584664,86.168,0.642633,0.556435,0.37763,115.37,inf,0.0245129,0.166068,0.502242,0.382871
256,1600,0,78357,383014,399200,-16186.8,0.0392882,27.2926,0.441746,0.448375,0.380708,54.2076,inf,0.0252377,0.270932,0.801927,0.728727
256,1600,1,78357,662099,650153,11946.5,0.0532132,49.8275,0.536362,0.472791,0.281592,81.1972,inf,0.0249445,0.259409,0.810471,0.734517
256,1600,2,78357,674151,703263,-29111.6,0.0568964,45.2233,0.530233,0.448494,0.3485,77.9273,inf,0.0255423,0.271335,0.796861,0.736586
