J,M,seed,p_J,loss,acc,acc_near,acc_mid,acc_far
2,50,0,10056,1.47664,0.218262,0.216108,0.107143,0.252396
2,50,1,10056,1.4458,0.231445,0.222488,0.285714,0.234824
2,50,2,10056,1.45112,0.236816,0.221691,0.244048,0.265176
2,100,0,10056,1.52081,0.249023,0.230463,0.297619,0.273163
2,100,1,10056,1.54167,0.27002,0.254386,0.315476,0.289137
2,100,2,10056,1.57435,0.270996,0.22807,0.375,0.329073
2,200,0,10056,1.57349,0.253418,0.216906,0.345238,0.301917
2,200,1,10056,1.67531,0.268555,0.252791,0.321429,0.285942
2,200,2,10056,1.59946,0.268555,0.217703,0.214286,0.384984
2,400,0,10056,1.56847,0.285156,0.22488,0.404762,0.373802
2,400,1,10056,1.64128,0.297363,0.26874,0.380952,0.332268
2,400,2,10056,1.61902,0.255371,0.214514,0.27381,0.332268
2,800,0,10056,1.642,0.293945,0.239234,0.416667,0.370607
2,800,1,10056,1.6914,0.294922,0.240829,0.363095,0.384984
2,800,2,10056,1.58645,0.303223,0.273525,0.333333,0.354633
2,1600,0,10056,1.66549,0.277344,0.226475,0.333333,0.364217
2,1600,1,10056,1.62925,0.286133,0.249601,0.339286,0.345048
2,1600,2,10056,1.74186,0.290527,0.255183,0.291667,0.361022
3,50,0,32648,1.26308,0.277832,0.264753,0.321429,0.292332
3,50,1,32648,1.13953,0.25,0.211324,0.285714,0.317891
3,50,2,32648,1.17633,0.283203,0.252791,0.315476,0.335463
3,100,0,32648,1.35231,0.275879,0.221691,0.363095,0.361022
3,100,1,32648,1.34058,0.276367,0.205742,0.345238,0.399361
3,100,2,32648,1.38623,0.273438,0.233652,0.380952,0.324281
3,200,0,32648,1.43467,0.316406,0.243222,0.458333,0.42492
3,200,1,32648,1.50427,0.286621,0.218501,0.428571,0.384984
3,200,2,32648,1.43281,0.269043,0.213716,0.380952,0.34984
3,400,0,32648,1.56242,0.285156,0.223285,0.410714,0.375399
3,400,1,32648,1.5631,0.293457,0.208134,0.452381,0.421725
3,400,2,32648,1.57173,0.302734,0.233652,0.404762,0.413738
3,800,0,32648,1.60935,0.293457,0.232855,0.386905,0.389776
3,800,1,32648,1.5371,0.322266,0.230463,0.488095,0.461661
3,800,2,32648,1.584,0.314941,0.235247,0.440476,0.440895
3,1600,0,32648,1.55961,0.350586,0.273525,0.5,0.464856
3,1600,1,32648,1.57351,0.321289,0.238437,0.422619,0.460064
3,1600,2,32648,1.53775,0.335449,0.26874,0.410714,0.448882
4,50,0,69576,0.769064,0.29248,0.23764,0.375,0.380192
4,50,1,69576,0.8959,0.297363,0.274322,0.392857,0.317891
4,50,2,69576,0.801494,0.240234,0.230463,0.238095,0.260383
4,100,0,69576,1.07307,0.287598,0.235247,0.52381,0.329073
4,100,1,69576,0.918675,0.321777,0.259171,0.428571,0.41853
4,100,2,69576,0.974642,0.300781,0.240829,0.470238,0.375399
4,200,0,69576,1.25296,0.335449,0.266348,0.5,0.429712
4,200,1,69576,1.24331,0.36084,0.279904,0.529762,0.477636
4,200,2,69576,1.1904,0.378418,0.285486,0.660714,0.488818
4,400,0,69576,1.28821,0.382812,0.257576,0.666667,0.557508
4,400,1,69576,1.34104,0.38916,0.258373,0.708333,0.565495
4,400,2,69576,1.33616,0.38623,0.273525,0.613095,0.551118
4,800,0,69576,1.40834,0.374023,0.252791,0.64881,0.543131
4,800,1,69576,1.48209,0.365234,0.253589,0.607143,0.523962
4,800,2,69576,1.37712,0.368652,0.270335,0.577381,0.509585
4,1600,0,69576,1.35185,0.394531,0.285486,0.660714,0.541534
4,1600,1,69576,1.37562,0.359375,0.251196,0.619048,0.50639
4,1600,2,69576,1.2605,0.428711,0.303828,0.779762,0.584665
