n,M,seed,n_params,cost_test,cost_train,gap,err_xp_T,err_zp_T,err_zv_T,err_f_T,err_g_T,final_dist,pol_loss,pol_initial,pol_improved,pol_skipped,loss_est_x,loss_est_z,loss_est_f,loss_est_g
8,50,0,8917,1694.33,1858.94,-164.609,0.0687828,0.510543,0.204085,0.437438,0.291068,0.458928,5.87166,10543.8,1,0,0.337578,0.305247,0.718691,0.544552
8,50,1,8917,1665.56,1566.09,99.4729,0.0465264,0.487742,0.213419,0.437102,0.270425,0.377255,5.56255,1715.32,1,0,0.315451,0.30241,0.678625,0.545291
8,50,2,8917,1724.98,1670.02,54.9622,0.0608251,0.586317,0.220536,0.427822,0.28567,0.47707,6.01561,3288.12,1,0,0.324842,0.351463,0.669491,0.545011
8,100,0,8917,1624.55,1656.85,-32.3014,0.0663382,0.48393,0.210457,0.408167,0.264397,0.341673,5.59558,3069.38,1,0,0.366741,0.379397,0.791743,0.661129
8,100,1,8917,1649.14,1685.47,-36.3334,0.0700517,0.488412,0.198966,0.404121,0.269682,0.383074,5.78029,885.433,1,0,0.377667,0.347243,0.768232,0.683889
8,100,2,8917,1672.37,1683.13,-10.7579,0.0620486,0.547416,0.192597,0.399002,0.266093,0.415118,5.41038,3609.01,1,0,0.365255,0.354919,0.781171,0.715071
8,200,0,8917,1632.44,1685.71,-53.2729,0.071478,0.437095,0.204557,0.398878,0.265756,0.375831,5.66911,2450.15,1,0,0.367917,0.391183,0.88863,0.825283
8,200,1,8917,1646.38,1672.29,-25.9088,0.071223,0.463132,0.210996,0.400581,0.265215,0.419755,5.50394,1032.79,1,0,0.370291,0.431612,0.891732,0.811567
8,200,2,8917,1667.35,1747.57,-80.2194,0.0627687,0.538173,0.201781,0.401054,0.2587,0.433238,5.77447,2158.43,1,0,0.364188,0.386387,0.890554,0.821469
8,400,0,8917,1624.48,1686.58,-62.1022,0.0627572,0.427229,0.197803,0.401621,0.262057,0.362871,5.64638,3957.44,1,0,0.374657,0.403876,0.942263,0.919643
8,400,1,8917,1641.37,1670.35,-28.9799,0.0694989,0.426301,0.210217,0.399589,0.265418,0.389722,5.62308,2933.4,1,0,0.3776,0.402758,0.952964,0.927621
8,400,2,8917,1644.28,1729.23,-84.9496,0.0688758,0.401798,0.210828,0.400447,0.266878,0.382339,5.47402,1683.07,1,0,0.370474,0.405735,0.941627,0.915802
8,800,0,8917,1640.14,1665.23,-25.087,0.0666667,0.385764,0.214438,0.399113,0.264302,0.396045,5.97426,5113.09,1,0,0.381762,0.425901,0.977353,0.95734
8,800,1,8917,1642.79,1662.86,-20.0782,0.0742494,0.421518,0.213298,0.398698,0.260944,0.403233,5.7164,1589.06,1,0,0.381831,0.432226,0.968932,0.961841
8,800,2,8917,1643.26,1687.37,-44.1105,0.0587828,0.4213,0.221683,0.398611,0.265634,0.397688,5.37227,10416.7,1,0,0.383834,0.438431,0.980762,0.954966
16,50,0,11157,1667.38,1750.61,-83.2317,0.0251395,0.581377,0.204166,0.408914,0.286031,0.421152,5.71636,496.383,1,0,0.0267303,0.241102,0.510497,0.338111
16,50,1,11157,1659.35,1616.19,43.1636,0.0251513,0.552821,0.193935,0.439315,0.277609,0.365805,5.41541,13267.4,1,0,0.0287004,0.212802,0.499192,0.389511
16,50,2,11157,1651.2,1611.26,39.9408,0.0252353,0.527989,0.193274,0.410782,0.277149,0.352635,5.65838,1122.65,1,0,0.0287837,0.231646,0.50166,0.414483
8,1600,0,8917,1632.06,1659.85,-27.7864,0.0651553,0.406071,0.200984,0.398077,0.262047,0.387641,5.62837,5394.78,1,0,0.38346,0.425269,0.990009,0.97757
8,1600,1,8917,1627.95,1660.26,-32.3136,0.0693437,0.383141,0.22515,0.397342,0.264408,0.377073,5.71475,1068.95,1,0,0.382601,0.436344,0.987415,0.979526
8,1600,2,8917,1645.21,1671.58,-26.3702,0.0670663,0.405171,0.210693,0.397845,0.264206,0.395271,5.71064,1745.42,1,0,0.386867,0.421655,0.989625,0.985909
16,100,0,11157,1639.62,1689.64,-50.0255,0.0249054,0.457207,0.185731,0.399591,0.277853,0.342638,5.64782,1523.64,1,0,0.0302519,0.310238,0.679612,0.599942
16,100,1,11157,1623.83,1552.11,71.7117,0.0248288,0.477562,0.180127,0.413373,0.281018,0.332032,5.37997,5159.12,1,0,0.0302693,0.27799,0.736953,0.607814
16,100,2,11157,1624.58,1673.03,-48.4504,0.0247591,0.459458,0.18223,0.409516,0.261591,0.331213,5.34372,1652.31,1,0,0.0305894,0.282832,0.692283,0.580704
16,200,0,11157,1622.42,1654.6,-32.1775,0.0250249,0.450778,0.175165,0.396787,0.2639,0.321587,5.30336,4571.24,1,0,0.0319109,0.345081,0.830982,0.79746
16,200,1,11157,1614.28,1663.77,-49.4917,0.0248167,0.471751,0.177484,0.401791,0.26501,0.316003,5.37982,3000.03,1,0,0.0297663,0.329013,0.819055,0.713274
16,200,2,11157,1613.29,1567.42,45.8715,0.0249564,0.406374,0.176352,0.404763,0.263552,0.32698,5.46046,1490.73,1,0,0.030355,0.336815,0.83659,0.769428
16,400,0,11157,1614.04,1615.45,-1.40515,0.0249021,0.392933,0.178732,0.400495,0.269624,0.322065,5.59261,4766.78,1,0,0.0310789,0.357943,0.887446,0.821865
16,400,1,11157,1616.98,1647.63,-30.6558,0.0246571,0.388906,0.173122,0.402337,0.25917,0.329584,5.50358,1531.86,1,0,0.0314712,0.361924,0.889143,0.840228
16,400,2,11157,1616.72,1659.39,-42.6681,0.0245934,0.408149,0.174209,0.398809,0.264443,0.337325,5.38207,2164.82,1,0,0.0315215,0.364383,0.904636,0.842679
16,800,0,11157,1608.66,1636.42,-27.7562,0.0247047,0.385878,0.179878,0.397283,0.266198,0.3222,5.53108,3241.97,1,0,0.0318298,0.381666,0.943786,0.91779
16,800,1,11157,1618.51,1659.21,-40.7019,0.0246837,0.402839,0.176126,0.397301,0.26473,0.344293,5.84855,2669.77,1,0,0.03067,0.376407,0.943165,0.918849
16,800,2,11157,1616.67,1663.84,-47.168,0.0247433,0.399831,0.174587,0.401466,0.264837,0.354606,5.61401,7117.75,1,0,0.0316536,0.365637,0.955314,0.923829
32,50,0,15637,1668.1,1700.99,-32.8839,0.0249957,0.492069,0.179648,0.431736,0.300199,0.364246,5.67837,3956.36,1,0,0.0240605,0.14629,0.364959,0.230417
32,50,1,15637,1648.49,1874.34,-225.851,0.0246979,0.49457,0.212869,0.443767,0.288762,0.332504,5.53434,4433.07,1,0,0.0262726,0.127038,0.324207,0.175061
32,50,2,15637,1674.37,1766.42,-92.0541,0.0250428,0.535206,0.202341,0.437048,0.308667,0.374501,5.90817,1437.2,1,0,0.024251,0.144935,0.349218,0.175985
16,1600,0,11157,1610.52,1633.98,-23.4575,0.0246533,0.405537,0.181453,0.398066,0.26626,0.333408,5.40553,1135.89,1,0,0.031541,0.385775,0.969641,0.952159
16,1600,1,11157,1616.55,1636.96,-20.4083,0.0248818,0.365939,0.179545,0.398045,0.264421,0.363669,5.32968,824.946,1,0,0.0313155,0.393741,0.969803,0.956524
16,1600,2,11157,1618.96,1658.71,-39.7512,0.0248968,0.394817,0.183636,0.398209,0.26597,0.359073,5.43617,2020.77,1,0,0.0312653,0.383166,0.978934,0.962789
32,200,0,15637,1616.96,1629.65,-12.6925,0.0249296,0.399657,0.166061,0.409137,0.267266,0.306883,5.61688,3216.7,1,0,0.027231,0.267909,0.736972,0.605257
32,200,1,15637,1629.14,1645.3,-16.1637,0.0247394,0.41152,0.173646,0.4124,0.257341,0.304053,5.53717,3535.38,1,0,0.0272186,0.273173,0.71969,0.621894
32,200,2,15637,1615.99,1695.81,-79.817,0.0247093,0.417829,0.17392,0.410364,0.269191,0.312128,5.55347,5729.54,1,0,0.026464,0.265501,0.737067,0.6084
32,100,0,15637,1626.04,1708.09,-82.0482,0.0250506,0.42243,0.181134,0.421704,0.277133,0.332008,5.54145,639.843,1,0,0.0263056,0.213414,0.542779,0.397878
32,100,1,15637,1634.36,1718.38,-84.0204,0.0249581,0.433232,0.170199,0.406186,0.26577,0.347434,5.46453,6650.09,1,0,0.0266832,0.219375,0.598617,0.454078
32,100,2,15637,1637.62,1650.67,-13.0583,0.0248857,0.4743,0.180028,0.417277,0.275196,0.336804,5.40282,2291.96,1,0,0.0260986,0.231727,0.535406,0.395345
32,800,0,15637,1607.75,1663.95,-56.1937,0.0249131,0.352597,0.174509,0.397417,0.266542,0.312446,5.42607,10549.6,1,0,0.0267805,0.328163,0.906745,0.840603
32,800,1,15637,1605.27,1663.85,-58.5791,0.024712,0.366257,0.16895,0.401222,0.264312,0.298945,5.39687,1879.4,1,0,0.0269931,0.338351,0.901785,0.860109
32,800,2,15637,1611.78,1668.5,-56.7207,0.0245431,0.36615,0.170242,0.398613,0.261513,0.329569,5.50106,5117.91,1,0,0.0266448,0.350485,0.90669,0.863438
32,400,0,15637,1619.88,1668.37,-48.4869,0.0246378,0.40472,0.173918,0.400135,0.264542,0.297753,5.36249,5333.97,1,0,0.0261944,0.319867,0.829532,0.76085
32,400,1,15637,1620.17,1640.12,-19.95,0.0245907,0.383735,0.159839,0.399689,0.26304,0.321763,5.81894,2625,1,0,0.027081,0.324227,0.816964,0.746411
32,400,2,15637,1614.03,1674.75,-60.7122,0.0247186,0.368836,0.169141,0.405977,0.271691,0.331851,5.50342,792.893,1,0,0.0268192,0.333428,0.83098,0.756047
64,50,0,24597,1666.9,1791.64,-124.736,0.0249303,0.514046,0.205617,0.444208,0.277838,0.352831,5.68794,2776.47,1,0,0.0225077,0.0788408,0.187531,0.0701818
64,50,1,24597,1639.55,1573.26,66.2969,0.0248861,0.421137,0.200611,0.463487,0.291109,0.368611,5.46693,1828.56,1,0,0.0220865,0.0740239,0.179223,0.0631564
64,50,2,24597,1655.01,1738.07,-83.0574,0.0250108,0.573594,0.20502,0.454778,0.296419,0.362785,5.6184,5082.55,1,0,0.0224129,0.0745129,0.16492,0.0729837
64,200,0,24597,1612.73,1609.29,3.44434,0.0245396,0.368933,0.168236,0.407315,0.266951,0.310022,5.54128,2522.69,1,0,0.025056,0.209416,0.593372,0.486018
64,200,1,24597,1629.87,1720.88,-91.0116,0.0248406,0.405841,0.172201,0.418994,0.277515,0.342138,5.65804,3301.67,1,0,0.0245033,0.207866,0.584371,0.467373
64,200,2,24597,1612.95,1644.8,-31.8589,0.0245961,0.334273,0.171711,0.429724,0.260869,0.312406,5.31577,4649.05,1,0,0.0255174,0.219204,0.599569,0.473067
32,1600,0,15637,1605.33,1631.84,-26.506,0.0246929,0.328711,0.172466,0.397602,0.266161,0.308347,5.39761,359.211,1,0,0.027027,0.357905,0.956726,0.920429
32,1600,1,15637,1607.53,1653.34,-45.8049,0.0246079,0.357467,0.170917,0.397682,0.260748,0.317899,5.44497,2455.11,1,0,0.0274706,0.355146,0.952059,0.914451
32,1600,2,15637,1605.68,1643.57,-37.8904,0.0246141,0.366556,0.169576,0.396564,0.262098,0.307598,5.38598,3551.39,1,0,0.0275675,0.345361,0.945675,0.927054
64,800,0,24597,1602.17,1627.53,-25.3533,0.0245153,0.33975,0.164254,0.403076,0.26362,0.29509,5.59637,1024.69,1,0,0.0260374,0.306792,0.841793,0.786353
64,800,1,24597,1601.55,1636.54,-34.9901,0.0245425,0.330824,0.163291,0.395723,0.261013,0.29308,5.2637,1717.48,1,0,0.0255565,0.310014,0.849543,0.780278
64,800,2,24597,1604.4,1637.41,-33.0131,0.0246459,0.313206,0.162739,0.398653,0.263623,0.301414,5.23602,6414.94,1,0,0.0257444,0.307297,0.849632,0.801613
64,100,0,24597,1628.26,1580.06,48.2003,0.0246465,0.401276,0.181652,0.424621,0.28238,0.31453,5.90484,3167.87,1,0,0.0246152,0.150205,0.423194,0.255395
64,100,1,24597,1612.34,1648.32,-35.978,0.024718,0.355465,0.193139,0.441572,0.299493,0.311606,5.59528,554.128,1,0,0.0244829,0.136752,0.38525,0.229098
64,100,2,24597,1626.97,1680.79,-53.817,0.0249085,0.423949,0.179065,0.430487,0.271736,0.33889,5.52053,2671.17,1,0,0.0245919,0.14725,0.408634,0.225715
128,50,0,42517,1638.07,1638.37,-0.30127,0.0258601,0.395461,0.217796,0.491059,0.291734,0.364283,5.36868,3140.12,1,0,0.015751,0.031819,0.0720951,0.015745
128,50,1,42517,1668.15,1732.57,-64.4149,0.0259529,0.44962,0.235775,0.471007,0.306386,0.365455,6.00128,1277.2,1,0,0.0159558,0.0313349,0.051872,0.0100708
128,50,2,42517,1648.5,1503.84,144.659,0.0263035,0.457072,0.218608,0.45161,0.279125,0.358751,5.63263,3008.65,1,0,0.0171326,0.0298113,0.0689934,0.0138519
64,400,0,24597,1607.87,1644.88,-37.0098,0.024489,0.33032,0.158524,0.412144,0.259487,0.313178,5.34958,2529.29,1,0,0.0261479,0.264291,0.74415,0.628322
64,400,1,24597,1606.41,1622.75,-16.3381,0.0245897,0.331284,0.167745,0.402199,0.268967,0.311973,5.35334,2124.53,1,0,0.0253654,0.268137,0.743,0.669738
64,400,2,24597,1600.94,1594.51,6.43433,0.0245887,0.323622,0.171739,0.406869,0.267047,0.284172,5.47087,3186.83,1,0,0.0260134,0.254821,0.753867,0.647114
128,200,0,42517,1615.91,1665.37,-49.4639,0.0247539,0.374168,0.18554,0.400171,0.270522,0.350557,5.52211,3012.52,1,0,0.0242065,0.172596,0.446625,0.326684
128,200,1,42517,1612.88,1639.28,-26.401,0.024572,0.353076,0.17551,0.398554,0.277884,0.311959,5.67696,4875.48,1,0,0.0247785,0.159848,0.48548,0.325452
128,200,2,42517,1607.05,1584.53,22.5201,0.0247294,0.348513,0.171834,0.42255,0.289752,0.328836,5.45715,1941.08,1,0,0.0232128,0.160939,0.472637,0.359835
128,800,0,42517,1594.69,1602.43,-7.73413,0.0245951,0.309253,0.168541,0.397209,0.272906,0.296831,5.43118,1077.41,1,0,0.0253823,0.274727,0.780337,0.68297
128,800,1,42517,1595.53,1626.22,-30.692,0.0245879,0.309798,0.170785,0.397336,0.272233,0.294836,5.71656,4338.26,1,0,0.0249229,0.266588,0.761047,0.690185
128,800,2,42517,1596.56,1632.27,-35.7123,0.024621,0.300997,0.167012,0.39697,0.259427,0.291443,5.38238,1586.88,1,0,0.0253171,0.276877,0.765789,0.698198
64,1600,0,24597,1600.45,1620.7,-20.251,0.024593,0.331531,0.168577,0.398259,0.263451,0.303325,5.47995,677.837,1,0,0.0259695,0.323893,0.910721,0.8883
64,1600,1,24597,1598.77,1630.9,-32.1328,0.0245844,0.302159,0.167346,0.397964,0.266021,0.290087,5.56145,1211.98,1,0,0.0254952,0.34003,0.918066,0.867887
64,1600,2,24597,1602.37,1651.92,-49.5565,0.0245888,0.332653,0.16462,0.398768,0.261096,0.29484,5.60421,7151.86,1,0,0.0263997,0.329139,0.914394,0.869646
256,50,0,78357,1632.52,1613.75,18.7665,0.0270401,0.365402,0.235807,0.52564,0.306907,0.361598,5.44137,2455.52,1,0,0.0100249,0.00706821,0.0110825,0.00167534
256,50,1,78357,1646.15,1674.56,-28.4066,0.027338,0.409745,0.229417,0.458185,0.254545,0.359282,5.51776,6910.25,1,0,0.00980042,0.00981199,0.0123783,0.00177857
256,50,2,78357,1645.26,1582.54,62.7162,0.0275728,0.44332,0.221565,0.578499,0.278987,0.358268,5.89446,901.134,1,0,0.00910582,0.00969908,0.0135036,0.00178514
128,100,0,42517,1630.17,1669.15,-38.9886,0.0251921,0.384903,0.209111,0.475519,0.404413,0.353268,5.42008,7359.9,1,0,0.0213548,0.0844534,0.234572,0.112249
128,100,1,42517,1622.1,1645.2,-23.1084,0.025169,0.371734,0.192736,0.447112,0.252939,0.316883,5.39869,2618.99,1,0,0.0218772,0.0895244,0.229056,0.112228
128,100,2,42517,1634.72,1636.12,-1.39978,0.0250333,0.429703,0.217975,0.498436,0.322949,0.361733,5.41873,2941.35,1,0,0.0213865,0.0923374,0.240395,0.106114
256,200,0,78357,1615.24,1651.12,-35.8765,0.025212,0.331389,0.183177,0.442031,0.275474,0.342602,5.56763,3963.22,1,0,0.0221606,0.107338,0.299733,0.1774
256,200,1,78357,1612.76,1692.59,-79.8315,0.0250932,0.35792,0.193139,0.404785,0.298045,0.327721,5.42136,4607.03,1,0,0.0218469,0.0988704,0.299361,0.161624
256,200,2,78357,1608.5,1715.86,-107.355,0.0254284,0.335125,0.190201,0.430472,0.29332,0.322979,5.46432,1122.24,1,0,0.0232277,0.103141,0.302045,0.159843
128,400,0,42517,1598.59,1636.1,-37.5024,0.0245363,0.317094,0.176848,0.406525,0.278115,0.293651,5.39159,2605.06,1,0,0.0250584,0.20859,0.642434,0.541192
128,400,1,42517,1604.23,1651.59,-47.3638,0.0247143,0.320375,0.165124,0.396258,0.284708,0.315644,5.40031,1237.84,1,0,0.0254668,0.209216,0.623774,0.527166
128,400,2,42517,1600.77,1578.64,22.1372,0.0245636,0.319147,0.172505,0.399055,0.260748,0.299983,5.56019,5229.05,1,0,0.0242216,0.221815,0.662914,0.539458
256,800,0,78357,1586.41,1624.84,-38.4305,0.0246624,0.262462,0.161583,0.397322,0.260425,0.276652,5.53087,7733.57,1,0,0.0242739,0.232112,0.665015,0.572454
256,800,1,78357,1588.87,1622.25,-33.3833,0.0244045,0.269887,0.1677,0.399316,0.269939,0.27225,5.41436,9986.88,1,0,0.0246665,0.221309,0.66471,0.579728
256,800,2,78357,1587.54,1633.11,-45.5708,0.0245214,0.288438,0.167514,0.402283,0.267448,0.280913,5.37625,1186.39,1,0,0.024507,0.228385,0.672025,0.590703
128,1600,0,42517,1589.27,1619.72,-30.4562,0.0245017,0.274621,0.1688,0.396295,0.257406,0.282585,5.46974,3339.8,1,0,0.0247102,0.299591,0.868197,0.818532
128,1600,1,42517,1591.09,1624.25,-33.1615,0.0246407,0.28926,0.163752,0.395829,0.266788,0.283648,5.50699,1270.23,1,0,0.0249739,0.314198,0.863569,0.813323
128,1600,2,42517,1588.66,1626.88,-38.2203,0.0245013,0.284461,0.165514,0.39512,0.265289,0.271912,5.43389,1582.64,1,0,0.0247808,0.28451,0.87263,0.813163
256,100,0,78357,1606.26,1670.14,-63.8821,0.0259325,0.328633,0.205119,0.452274,0.336899,0.317448,5.32104,948.632,1,0,0.0162876,0.0397725,0.104471,0.0311968
256,100,1,78357,1626.02,1713.34,-87.3165,0.0255865,0.3985,0.204227,0.443741,0.294563,0.362104,5.45638,2231.82,1,0,0.0176912,0.0407627,0.0936268,0.0290425
256,100,2,78357,1632.39,1715.56,-83.1678,0.0258859,0.407743,0.221766,0.457971,0.297342,0.373967,5.58969,1200.39,1,0,0.0185689,0.042444,0.110519,0.0371637
256,400,0,78357,1597.31,1672.4,-75.0887,0.0247602,0.309637,0.169965,0.41501,0.273356,0.301092,5.56036,1168.01,1,0,0.0245796,0.166587,0.525734,0.384259
256,400,1,78357,1592.4,1636.13,-43.7318,0.0245916,0.281598,0.170341,0.40879,0.271543,0.296575,5.39152,2422.99,1,0,0.0244404,0.164421,0.498263,0.374266
256,400,2,78357,1598.62,1617.9,-19.2771,0.0245882,0.286185,0.179039,0.414045,0.266107,0.308497,5.38098,3644.27,1,0,0.0245138,0.166719,0.503384,0.383114
256,1600,0,78357,1582.61,1619.23,-36.6179,0.0245737,0.253542,0.168039,0.396671,0.266399,0.272042,5.52567,1424.21,1,0,0.0252452,0.271481,0.801059,0.731328
256,1600,1,78357,1584.96,1619.99,-35.0352,0.0245748,0.265646,0.166686,0.397792,0.260483,0.269929,5.42135,1962.38,1,0,0.0249546,0.261231,0.812127,0.73116
256,1600,2,78357,1584.89,1618.08,-33.1935,0.0246188,0.272182,0.168843,0.394223,0.262383,0.279731,5.30829,2331.88,1,0,0.0255458,0.270863,0.800543,0.740399
