update,env_steps,reward_mean,pg_loss,v_loss,return_scale,seed
0,32768,-1.02549,-0.000254567,90.2405,10.8931,0
10,360448,-1.092,-0.000117786,0.178252,478.942,0
20,688128,-1.26972,-0.00220072,0.0455718,874.209,0
30,1015808,-1.62413,-0.00312689,0.00666724,894.738,0
40,1343488,-1.90662,-0.0014042,0.0063625,878.214,0
50,1671168,-2.65972,-0.00287142,0.00348033,861.02,0
60,1998848,-3.61763,-0.00191255,0.00293356,848.646,0
70,2326528,-4.7356,-0.00206653,0.00362011,836.604,0
80,2654208,-5.31994,-0.000790544,0.00216703,824.227,0
90,2981888,-6.14833,-0.0011334,0.00298966,802.369,0
100,3309568,-7.70351,0.000639601,0.0041552,779.665,0
110,3637248,-9.67284,-0.000822438,0.00707525,756.33,0
120,3964928,-10.7603,0.000465743,0.0100055,733.04,0
130,4292608,-14.0109,-0.00038575,0.021205,715.096,0
140,4620288,-17.557,-0.000753416,0.0313,697.231,0
150,4947968,-0.901627,-0.00567645,0.00718725,678.445,0
160,5275648,-0.66923,-0.00243002,0.00621212,662.886,0
170,5603328,-0.530689,-0.00209606,0.0044447,642.708,0
180,5931008,-0.512456,-0.000934549,0.00363979,625.06,0
190,6258688,-0.704166,-0.000528977,0.00319847,604.329,0
200,6586368,-1.0494,-0.00140201,0.00398134,588.058,0
210,6914048,-1.59059,-0.000705289,0.00261825,577.204,0
220,7241728,-2.61295,-0.00073549,0.00363624,562.722,0
230,7569408,-3.79424,-0.00097171,0.00507279,559.974,0
240,7897088,-4.14765,-0.00182826,0.00412958,555.157,0
250,8224768,-4.08424,-0.000871213,0.00422762,539.676,0
260,8552448,-3.27257,-0.000832398,0.00520978,523.482,0
270,8880128,-1.57398,-0.000837864,0.00187653,504.462,0
280,9207808,-2.10483,-0.000944161,0.00226014,482.18,0
290,9535488,-2.8794,-0.00436974,0.00219418,459.993,0
300,9863168,-0.662312,-0.00522851,0.00303442,438.238,0
310,10190848,-0.26738,-0.00294535,0.00279476,417.171,0
320,10518528,-0.16874,-0.00113431,0.00209503,396.907,0
330,10846208,-0.183272,-0.00293024,0.00120896,377.594,0
340,11173888,-0.161304,-0.00143629,0.000766471,359.32,0
350,11501568,-0.165311,-0.00196003,0.000797191,342.079,0
360,11829248,-0.130225,-0.000909348,0.000775476,325.865,0
370,12156928,-0.218615,0.00231657,0.000849675,310.391,0
380,12484608,-0.359113,-0.000894444,0.000537707,296.009,0
390,12812288,-0.526493,-0.000819074,0.00088096,282.103,0
400,13139968,-0.571434,-0.000459206,0.000436198,269.153,0
410,13467648,-0.620181,-0.00200567,0.000766746,256.488,0
420,13795328,-0.872506,-0.000545898,0.0142634,244.822,0
430,14123008,-2.56827,-0.00222086,0.388606,252.479,0
440,14450688,-2.15167,0.00833038,0.180647,258.22,0
450,14778368,-0.82464,0.206143,6.38155,728.163,0
460,15106048,-0.547482,0.006363,0.0648669,4756.24,0
470,15433728,-1.42814,0.00177489,0.0117614,4665.85,0
480,15761408,-1.23228,0.000426919,0.00396016,4447.01,0
490,16089088,-0.816307,0.000915235,0.00223949,4232.05,0
500,16416768,-0.48818,-0.000769157,0.00141996,4027,0
510,16744448,-0.65136,0.00303497,0.000596952,3831.65,0
520,17072128,-1.09689,0.000972809,0.000380618,3645.28,0
530,17399808,-1.41766,0.00168596,0.000322262,3467.23,0
540,17727488,-2.0978,-0.000449405,0.000313229,3298.03,0
550,18055168,-3.01832,0.00123751,0.000272053,3136.79,0
560,18382848,-4.63141,0.00238859,0.000477807,2983.51,0
570,18710528,-6.65549,0.00199096,0.000531616,2838.13,0
580,19038208,-9.19355,0.00119836,0.000826489,2700.29,0
590,19365888,-11.8565,6.05218e-05,0.00205875,2568.4,0
600,19693568,-0.791126,-0.00335339,0.00181565,2444.61,0
610,20021248,-0.613003,-0.000885345,0.00172541,2328.24,0
620,20348928,-0.591009,-0.000987596,0.000826873,2216.19,0
630,20676608,-0.887313,-0.000978663,0.000403846,2110.74,0
640,21004288,-1.24872,-0.000433918,0.00032799,2010.44,0
650,21331968,-1.76064,0.000269245,0.000541012,1915.06,0
660,21659648,-2.40384,0.00198577,0.000277316,1825.79,0
670,21987328,-3.20247,0.00123325,0.000321274,1739.6,0
680,22315008,-3.76004,0.0016398,0.000317271,1657.07,0
690,22642688,-4.15834,0.000143307,0.000300861,1577.99,0
700,22970368,-4.8855,0.000596407,0.000299565,1502.91,0
710,23298048,-5.72942,0.000851828,0.000607835,1431.3,0
720,23625728,-5.82094,0.00083716,0.000575535,1363.07,0
730,23953408,-6.31535,0.00423062,0.000908651,1298.3,0
740,24281088,-7.37348,-0.000829124,0.00124948,1236.06,0
750,24608768,-0.767993,-0.00124828,0.0015624,1176.99,0
760,24936448,-0.500506,-0.0028162,0.000641272,1121.63,0
770,25264128,-0.459532,-0.000522205,0.000444831,1068.41,0
780,25591808,-0.529535,-0.000166115,0.000491985,1017.46,0
790,25919488,-0.719351,0.000633375,0.000376425,968.571,0
800,26247168,-0.912185,0.000164134,0.000314671,921.795,0
810,26574848,-1.02076,0.00297077,0.00024974,877.096,0
820,26902528,-1.07667,1.86616e-05,0.000163824,834.555,0
830,27230208,-1.06779,0.000501623,0.000190903,794.129,0
840,27557888,-1.1493,0.000626926,0.000143775,755.739,0
850,27885568,-1.32764,3.66388e-05,0.000137285,719.042,0
860,28213248,-1.56293,0.00127146,0.000216829,684.114,0
870,28540928,-2.04704,0.00276244,0.000391946,651.001,0
880,28868608,-2.91549,0.00036347,0.00065331,619.707,0
890,29196288,-4.10106,-0.0011484,0.00120892,589.801,0
900,29523968,-0.757866,-0.00350598,0.000956703,561.573,0
910,29851648,-0.490661,-0.00263328,0.000599241,534.873,0
920,30179328,-0.394376,0.000326017,0.000509958,509.421,0
930,30507008,-0.346891,-0.000168989,0.00044389,485.476,0
940,30834688,-0.388738,-0.00108747,0.000329027,462.438,0
950,31162368,-0.51027,-0.000181642,0.000324018,440.884,0
960,31490048,-0.687296,0.00131925,0.000280268,420.653,0
970,31817728,-0.890734,0.00427494,0.0002282,401.36,0
980,32145408,-1.04038,-2.35534e-05,0.000298964,383.366,0
990,32473088,-1.12609,-0.00024792,0.000548144,366.036,0
1000,32800768,-1.50118,-0.00100055,0.00301655,349.23,0
1010,33128448,-2.26998,-6.42373e-05,0.00567717,333.876,0
1020,33456128,-3.28876,-0.000917577,0.0117217,319.843,0
1030,33783808,-3.85034,0.00134952,0.0353431,308.716,0
1040,34111488,-4.31765,-0.00104706,0.0090239,295.118,0
1050,34439168,-0.733663,-0.00290411,0.00286364,282.134,0
1060,34766848,-0.448618,-0.00265125,0.0023285,269.967,0
1070,35094528,-0.330272,-0.00336062,0.0017005,258.309,0
1080,35422208,-0.303448,-0.000773368,0.0029479,247.236,0
1090,35749888,-0.285437,-0.00219439,0.00134752,236.971,0
1100,36077568,-0.357099,-0.0023708,0.00132283,227.714,0
1110,36405248,-0.426259,-0.000618373,0.000918414,219.262,0
1120,36732928,-0.525374,-0.000309052,0.00166331,210.543,0
1130,37060608,-0.721776,-0.0014814,0.00508546,203.708,0
1140,37388288,-0.959802,-0.00138329,0.00866008,201.113,0
1150,37715968,-1.23356,-0.00112723,0.0125686,199.201,0
1160,38043648,-1.45246,-0.00175417,0.00807871,196.722,0
1170,38371328,-2.13325,-0.000471363,0.0352671,193.149,0
1180,38699008,-2.82708,0.00452803,0.0719895,193.317,0
1190,39026688,-3.52712,0.0118999,0.217752,194.405,0
1200,39354368,-0.762043,-0.00118759,0.0132474,188.24,0
1210,39682048,-0.481767,-0.00238664,0.00380721,180.166,0
1220,40009728,-0.300631,-0.00233033,0.00195693,172.212,0
1230,40337408,-0.220267,-0.00161276,0.00229464,165.321,0
1240,40665088,-0.184505,-0.00145254,0.00524309,157.802,0
1250,40992768,-0.205991,-0.000724664,0.0198404,152.766,0
1260,41320448,-0.191251,-0.0009951,0.00333681,169.127,0
1270,41648128,-0.22912,-0.00161542,0.000533585,162.279,0
1280,41975808,-0.311282,-0.00269875,0.00254719,156.362,0
1290,42303488,-0.352993,-0.000454531,0.00185023,152.286,0
1300,42631168,-0.478124,0.00092488,0.0107209,147.712,0
1310,42958848,-0.430127,-0.000683645,0.000641771,143.242,0
1320,43286528,-0.582297,-0.00257488,0.012293,138.085,0
1330,43614208,-0.880421,0.000585467,0.0332009,135.556,0
1340,43941888,-5.76704,0.0038846,34.768,302.706,0
1350,44269568,-0.797339,0.011603,0.196231,347.374,0
1360,44597248,-0.537464,-0.00196897,0.0223296,331.777,0
1370,44924928,-0.344951,-0.00142119,0.00664847,315.996,0
1380,45252608,-0.261133,-0.00114197,0.00275153,300.804,0
1390,45580288,-0.235591,-0.000955767,0.00184606,286.26,0
1400,45907968,-0.268499,-0.00149935,0.00155695,272.367,0
1410,46235648,-0.324957,-0.00130986,0.00129301,259.172,0
1420,46563328,-0.406411,-0.00161024,0.00118314,246.632,0
1430,46891008,-0.550586,-0.000943277,0.000884804,236.075,0
1440,47218688,-0.599633,-0.000544014,0.00084697,224.689,0
1450,47546368,-0.630661,-0.000960356,0.000968973,213.89,0
1460,47874048,-0.589097,-0.000844557,0.00110737,203.652,0
1470,48201728,-0.612653,-0.00179182,0.0101857,194.513,0
1480,48529408,-0.549795,-0.00192172,0.00149366,186.005,0
1490,48857088,-0.953748,-0.0014218,0.00827663,177.993,0
1500,49184768,-0.784329,-0.00133915,0.00441129,169.517,0
1510,49512448,-0.508933,-0.000757256,0.00325125,161.456,0
1520,49840128,-0.352387,-0.000208858,0.00202039,153.8,0
1524,49971200,-0.538367,-0.000129749,0.00151436,150.886,0
0,32768,-1.02767,-0.000115799,79.1641,11.1012,1
10,360448,-1.09458,-0.00181119,0.24307,605.359,1
20,688128,-1.26961,-0.0037932,0.0238225,928.876,1
30,1015808,-1.57358,-0.00384186,0.00496513,916.472,1
40,1343488,-2.08533,-0.00289271,0.00245438,890.726,1
50,1671168,-3.65291,-0.00189851,0.00354838,870.649,1
60,1998848,-3.96245,-0.00234512,0.00269763,849.418,1
70,2326528,-3.76114,-0.00175715,0.00393964,827.661,1
80,2654208,-4.54811,-0.00094254,0.00279777,808.773,1
90,2981888,-5.93279,-0.00176187,0.00327574,787.16,1
100,3309568,-7.96446,-0.000249458,0.00615701,767.312,1
110,3637248,-9.5933,0.000250716,0.00806262,748.713,1
120,3964928,-12.4065,-0.000723637,0.013242,731.603,1
130,4292608,-15.6351,-0.000375107,0.0232038,726.578,1
140,4620288,-15.2219,-0.00111548,0.0267528,703.186,1
150,4947968,-0.849157,-0.00712861,0.00617678,684.76,1
160,5275648,-0.546528,-0.00314657,0.00657662,676.21,1
170,5603328,-0.412938,-0.0018206,0.00450156,662.932,1
180,5931008,-0.486949,-0.00158962,0.00325622,655.429,1
190,6258688,-0.701566,-0.000183039,0.00362862,639.688,1
200,6586368,-1.34754,-0.000280649,0.00467856,631.401,1
210,6914048,-2.3359,-0.00092794,0.00280171,632.337,1
220,7241728,-4.10054,-0.000997426,0.0041324,626.222,1
230,7569408,-5.58544,2.38269e-05,0.00651479,640.304,1
240,7897088,-7.9547,-0.000593988,0.00828601,648.374,1
250,8224768,-8.48234,-0.0022737,0.00678537,646.945,1
260,8552448,-8.11964,-0.000388186,0.00671109,634.926,1
270,8880128,-7.3362,-0.00133058,0.00785027,617.426,1
280,9207808,-5.23688,-0.000781359,0.0047143,594.584,1
290,9535488,-4.39173,-0.00186884,0.00608756,568.989,1
300,9863168,-0.695163,-0.00579202,0.00253614,542.437,1
310,10190848,-0.303621,-0.00269973,0.00247758,516.451,1
320,10518528,-0.293286,-0.00275855,0.00158057,491.259,1
330,10846208,-0.294554,-0.0019201,0.00120059,467.276,1
340,11173888,-0.270558,-0.00201261,0.00113112,444.44,1
350,11501568,-0.205564,-0.00241646,0.000817396,422.708,1
360,11829248,-0.185243,-0.00151044,0.00060865,402.025,1
370,12156928,-0.204904,0.00139832,0.000438245,382.385,1
380,12484608,-0.225375,-0.000551137,0.000523732,363.763,1
390,12812288,-0.292339,-0.00193131,0.000315753,346.019,1
400,13139968,-0.538834,-0.000727008,0.0025135,329.277,1
410,13467648,-0.896424,0.00181051,0.0250017,316.228,1
420,13795328,-0.609948,-0.00274726,0.00985347,306.094,1
430,14123008,-15.4224,0.019687,0.627622,494.406,1
440,14450688,-19.0849,0.0416848,1.2432,603.027,1
450,14778368,-0.724044,0.00027474,0.0225232,771.651,1
460,15106048,-0.460517,-0.00066869,0.0101906,872.586,1
470,15433728,-0.439627,-0.0035164,0.00340552,859.634,1
480,15761408,-0.415982,-0.00211874,0.00259193,867.525,1
490,16089088,-0.352713,-0.00126713,0.00121404,825.893,1
500,16416768,-0.310777,-0.00245558,0.0014286,791.202,1
510,16744448,-0.317731,0.000263176,0.000458885,762.897,1
520,17072128,-0.262634,-0.000877684,0.00054148,726.171,1
530,17399808,-0.223363,0.000203707,0.000376567,691.868,1
540,17727488,-0.314799,0.00155632,0.000221435,658.056,1
550,18055168,-0.274122,-0.00116975,0.000376077,625.88,1
560,18382848,-0.325181,-0.00129893,0.000276555,595.261,1
570,18710528,-0.487683,-0.00123203,0.000320188,566.145,1
580,19038208,-0.86531,-0.00341685,0.00158013,538.564,1
590,19365888,-2.0678,-0.00140479,0.000915409,512.322,1
600,19693568,-0.756708,-0.00318749,0.00133088,487.54,1
610,20021248,-0.60259,-0.00477987,0.0011643,464.133,1
620,20348928,-0.65834,-0.00241306,0.000827752,442.199,1
630,20676608,-0.616348,-0.00243735,0.000813967,421.75,1
640,21004288,-0.544495,-0.00203767,0.00047913,401.751,1
650,21331968,-0.481608,-0.00203921,0.000432948,382.736,1
660,21659648,-0.641014,-0.00276658,0.00100868,365.061,1
670,21987328,-0.776373,-0.00186281,0.00687248,352.653,1
680,22315008,-0.593576,-0.00124883,0.00265223,352.432,1
690,22642688,-1.03185,-0.0016154,0.0219696,347.275,1
700,22970368,-1.01931,-0.00188332,0.0147236,353.931,1
710,23298048,-0.844492,0.00241723,0.00604654,353.253,1
720,23625728,-0.995528,-0.00150901,0.00162248,336.89,1
730,23953408,-1.20957,0.000280648,0.0027453,320.8,1
740,24281088,-1.75341,-0.0031874,0.00957268,306.013,1
750,24608768,-0.784051,0.0636261,1.12603,438.734,1
760,24936448,-1.37284,0.0354211,0.714509,12086.6,1
770,25264128,-5.9985,0.0040554,0.0575782,98048.9,1
780,25591808,-17.3744,0.00324031,0.0158509,136355,1
790,25919488,-47.8379,0.00175988,0.00413763,138494,1
800,26247168,-96.4342,0.00183455,0.00144481,133969,1
810,26574848,-162.455,0.00154561,0.00199457,129698,1
820,26902528,-246.017,0.000881625,0.00063322,125052,1
830,27230208,-373.927,0.00168516,0.000510536,120352,1
840,27557888,-528.116,0.00218399,0.00109661,115709,1
850,27885568,-656.04,0.000891597,0.00132283,111104,1
860,28213248,-904.076,0.00194406,0.00264232,106599,1
870,28540928,-1255.65,0.00730834,0.00444795,102127,1
880,28868608,-1825.47,0.002353,0.00991131,97990,1
890,29196288,-2078.92,0.000722429,0.0108365,93945.8,1
900,29523968,-1.13302,-0.000930913,0.00174343,90093.9,1
910,29851648,-1.68178,1.66749e-05,0.00118161,86403.3,1
920,30179328,-3.58085,0.0038646,0.00126753,82687,1
930,30507008,-7.40866,-0.00026101,0.000723072,79122.8,1
940,30834688,-15.9929,0.000229704,0.000399437,75638.6,1
950,31162368,-27.7514,0.00136437,0.000297374,72307.5,1
960,31490048,-48.9417,0.000433024,0.000195847,69117.6,1
970,31817728,-84.6348,0.00121266,0.000150641,66066,1
980,32145408,-123.014,0.000566558,0.000274,63194.1,1
990,32473088,-173.34,0.000838732,0.000247428,60394,1
1000,32800768,-218.26,0.000616435,0.000551763,57661.4,1
1010,33128448,-385.667,-0.000539614,0.001719,55024,1
1020,33456128,-570.69,0.00024658,0.00411713,52539.6,1
1030,33783808,-802.831,0.00156653,0.00985286,50294.2,1
1040,34111488,-981.963,0.000306542,0.0121473,48112,1
1050,34439168,-1.08019,-0.00150236,0.00121802,46099.8,1
1060,34766848,-1.48876,0.00126517,0.00159638,44167,1
1070,35094528,-2.87133,-0.000246489,0.000757699,42228.6,1
1080,35422208,-5.92364,-0.00108856,0.000705498,40449.1,1
1090,35749888,-10.8897,-0.000693132,0.000470201,38706.3,1
1100,36077568,-19.7012,0.00013986,0.000458268,37036.8,1
1110,36405248,-35.2294,-0.00010729,0.000213236,35466.1,1
1120,36732928,-68.2701,0.000101287,0.000274803,33978.7,1
1130,37060608,-117.988,-0.000317549,0.000383899,32670.1,1
1140,37388288,-246.332,-0.000474418,0.00139154,31516.8,1
1150,37715968,-418.869,-0.00140117,0.00419196,30712.3,1
1160,38043648,-623.96,-0.000543369,0.00980036,30273.2,1
1170,38371328,-1028.22,-0.000622364,0.0310995,30003.5,1
1180,38699008,-1393.57,0.000984324,0.0632091,30263.9,1
1190,39026688,-1705.73,-0.00083049,0.0701715,30310.3,1
1200,39354368,-1.0605,-0.000751961,0.00410243,30279.1,1
1210,39682048,-1.6404,-0.00180635,0.0033491,30307.2,1
1220,40009728,-4.04844,-0.0013049,0.00187017,30154.8,1
1230,40337408,-8.70091,0.000445069,0.0026157,30516.6,1
1240,40665088,-19.9362,0.000116372,0.00105329,30784.1,1
1250,40992768,-37.2623,-0.000244974,0.00118288,30852,1
1260,41320448,-55.3691,-0.000706532,0.00119586,30978.8,1
1270,41648128,-94.3084,-0.0008831,0.000761731,30568.6,1
1280,41975808,-138.197,-0.000154946,0.00101913,30002.4,1
1290,42303488,-200.116,-0.000799928,0.00118252,29329.2,1
1300,42631168,-279.105,-0.00119318,0.00230141,28542.9,1
1310,42958848,-443.874,-0.000300867,0.00599635,27836.8,1
1320,43286528,-628.937,-0.000705467,0.0132531,27196.2,1
1330,43614208,-767.513,-0.000335899,0.0238922,26648.8,1
1340,43941888,-824.162,-0.000983758,0.0348204,25895.9,1
1350,44269568,-1.0366,-0.00152002,0.00354729,25045.5,1
1360,44597248,-1.58009,-0.00149944,0.00320884,24227.9,1
1370,44924928,-3.45684,-0.00129086,0.00144308,23380.7,1
1380,45252608,-6.91113,-0.000975341,0.000806702,22727.5,1
1390,45580288,-14.4295,-0.000886507,0.000441444,22017.3,1
1400,45907968,-23.2225,-0.000578112,0.000521823,21280.2,1
1410,46235648,-35.7594,-0.000296023,0.000754322,20551.6,1
1420,46563328,-57.4054,-0.00111864,0.000952657,19772.5,1
1430,46891008,-75.074,-0.00101902,0.00123495,19036.9,1
1440,47218688,-97.8763,-0.000793613,0.00177001,18292.2,1
1450,47546368,-144.878,-0.000917759,0.00263403,17563.8,1
1460,47874048,-165.651,-0.000500084,0.00318424,16919.3,1
1470,48201728,-207.935,-0.000356724,0.00575027,16254.7,1
1480,48529408,-228.722,-0.000614052,0.00865997,15597.1,1
1490,48857088,-203.64,-0.00101306,0.0144786,14937.7,1
1500,49184768,-0.970491,-0.000963481,0.00523621,14277.5,1
1510,49512448,-1.33053,-0.000747429,0.00390287,13641.2,1
1520,49840128,-2.5395,-0.000283701,0.00232922,13038.6,1
1524,49971200,-49.8593,-7.67542e-05,0.000818031,12805.7,1
